Punkte;Verein;Ort;Land;Vorverkauf;Anbieter;Preis €;Halle;Kapazität;Instagram;Ansprechperson;Kontakt;Nächstes Heimspiel;Beobachtung;Sicherheit;Website;Belegte Quellen;Recherchiert am
96;SV Lohhof;Unterschleißheim;BY;keiner;;7;Sporthalle der FOS/BOS Unterschleißheim, Südliche Ingolstädter Str. 1;700;@lohhofvolleyball;Geschäftsstelle SV Lohhof (Mo–Fr 9–11, Do 17–19);verwaltung@svlohhof.de, +49 89 310 15 90;;"Aufsteiger in die 2. Liga Pro, Saisonstart am 19.9. auswärts in Waldgirmes. Ticketseite: „Tickets sind ausschließlich an der Abendkasse erhältlich“ (7 €, ermäßigt 4,50 €, Familienkarte 18 €); Saisonkarten 70 € / 45 € / 180 € ebenfalls nur über die Geschäftsstelle. Derby gegen Unterhaching im April 2026 vor knapp 700 Zuschauern.";hoch;https://lohhof-volleyball.de;https://lohhof-volleyball.de/tickets/ https://lohhof-volleyball.de/infos-fuer-gaeste/ https://lohhof-volleyball.de/category/damen/d1/;2026-09-20
63;ESA Grimma Volleys;Grimma;SN;manuell;;;Muldentalhalle, Grimma Süd;;@esagrimmavolleys;VV Grimma e.V.;info@vv-grimma.de;"27.11.2026, 19:00 gegen BayerVolleys Leverkusen (laut Volleybox; Saisonstart 17.9. gegen Stralsund)";"Der „Karten-Shop“ auf der Vereinsseite führt zu indoortrends, einem Merchandise-Shop, nicht zu Tickets. Dauerkarten (120 € / 108 €) wurden für 2025/26 per Mail an info@vv-grimma.de bestellt und bar an der Abendkasse beim ersten Heimspiel abgeholt. Kein Online-Ticketverkauf auffindbar; einzelne Heimspiele waren zuletzt sogar eintrittsfrei (März 2025).";mittel;https://www.vv-grimma.de;https://www.vv-grimma.de/v4/ https://www.vv-grimma.de/v4/index.php?site=tickets&gender=damen&tid=1 https://www.vv-grimma.de/;2026-09-20
56;TV Waldgirmes;Lahnau;HE;keiner;;10;Sporthalle Lahntalschule, Lahnau;;;;;;Die Ticketseite nennt nur Preise (Erwachsene 10 €, Studenten 8 €, Jugend 5 €, Kinder/Mitglieder frei) und keinen Verkaufsweg: kein Shop, kein Link, kein Reservierungshinweis. Der Gesamtspielplan hängt als Bild auf der Seite. Damen 1 und Herren 1 (3. Liga) spielen beide in der Lahntalschule.;mittel;https://tv-waldgirmes.de;https://tv-waldgirmes.de/vbherren1/tickets/ https://tv-waldgirmes.de/category/volleyball-damen1/ https://tv-waldgirmes.de/gesamtspielplan/;2026-09-20
43;Eintracht Spontent Düsseldorf;Düsseldorf;NRW;unbekannt;;;Sporthalle Luisen-Gymnasium, Düsseldorf;;@eintrachtspontent;Verein (Alte Farbwerke, Halle 29, Ronsdorfer Str. 74);eintracht@spontent.lol;04.10.2026 (Sonntag), Sporthalle Luisen-Gymnasium;"Die Website nennt das nächste Heimspiel am 4.10. in der Sporthalle Luisen-Gymnasium, aber weder Preise noch einen Verkaufsweg oder Ticketlink; die Reichweite läuft über Streaming (Twitch, Dyn, YouTube, TikTok).";mittel;https://eintracht-spontent.de;https://eintracht-spontent.de/;2026-09-20
35;SC Union Emlichheim;Emlichheim;NI;anbieter;Reservix (auch über ADticket gelistet);8;Vechtetalhalle, Lägen Diek 12, Emlichheim;;@scu.volleyball;;;31.10.2026, 16:00 gegen BayerVolleys Leverkusen;"Tickets „an der Abendkasse und online“ über Reservix; 8 € (7 € mit GN-Card), Jugend/Studenten/Senioren 6 €, Dauerkarte 69 € / 49 €. Nächstes Heimspiel 31.10. gegen Leverkusen.";hoch;https://scuvolleyball.de;https://scuvolleyball.de/tickets/;2026-09-20
32;BayerVolleys Leverkusen;Leverkusen;NRW;anbieter;Vereinsticket (events.vereinsticket.de/tsvbayer04);9;Ostermann-Arena, Leverkusen;3500;;Volleyballabteilung TSV Bayer 04;Volleyball@TSVBayer04.de;18.10.2026, 16:00 gegen TV Planegg-Krailling;"Großverein (TSV Bayer 04) mit fertigem Vereinsticket-Shop, alle elf Heimspiele 2026/27 online gelistet, Abendkasse zusätzlich; Ostermann-Arena mit 3.500 Plätzen. Nächstes Heimspiel 18.10. gegen Planegg-Krailling.";hoch;https://www.bayer-volleyball-bundesliga.de;https://events.vereinsticket.de/tsvbayer04/vo-bayervolleys;2026-09-20
31;DSHS SnowTrex Köln;Köln;NRW;anbieter;ticket.io (dshs-snowtrex-koeln.ticket.io);8;Halle 22 der Deutschen Sporthochschule Köln;;;Ticketing;tickets@dshs-snowtrex-koeln.de;;„Kein Ticketverkauf vor Ort – Tickets nur online erhältlich!“ über ticket.io, 8 € / 4 €, Stornierung per Mail bis Donnerstag mittags. Sportlich-professionell aufgestellt (Sporthochschule).;hoch;https://www.dshs-snowtrex-koeln.de;https://www.dshs-snowtrex-koeln.de/heimspiele_anreise/tickets/;2026-09-20
29;NawaRo Straubing;Straubing;BY;anbieter;vivenu (vorher Cortex Tickets);;Turmair-Volleyballarena, Peterswöhrd 5, Straubing;;;FTSV Volleyball GmbH, Ludwigsplatz 26, Straubing;;03.10.2026, 19:00 gegen Eintracht Spontent Düsseldorf;"Ehemaliger Erstligist mit eigener GmbH; Tickets laufen über einen Online-Shop (vivenu, „Zum Ticketshop“ auf der Spiele-Seite), inkl. Dauerkarten und ermäßigter Vorverkaufspreise. Nächstes Heimspiel 3.10. gegen Düsseldorf.";hoch;https://www.nawaro-straubing.de;https://www.nawaro-straubing.de/spiele/ https://nawaro.cortex-tickets.de/;2026-09-20
29;VfL Oythe;Vechta;NI;unbekannt;;8;;;@vfl.oythe.volleyball;VfL Oythe 1947 e.V., Oythe 25, 49377 Vechta;;;"Die Website (vfl-oythe.com) hat eine Seite „Ticket-Preise - Bundesliga“ mit 8 € / 5 € laut Suchtreffer, die Unterseiten liefern beim Abruf aber 404; die Startseite nennt weder Verkaufsweg noch Ticketlink. Ein Online-Shop ist nirgends verlinkt.";niedrig;https://www.vfl-oythe.com;https://www.vfl-oythe.com/;2026-09-20
27;Neuseenland-Volleys Markkleeberg;Markkleeberg;SN;anbieter;Vereinsticket (tsg1903.vereinsticket.de);;Neuseenlandhalle Markkleeberg;;;Ticketing;ticket@neuseenland-volleys.de;03.10.2026, 18:00 gegen ESA Grimma Volleys;Eigener Vereinsticket-Shop mit QR-Tickets für alle Heimspiele 2026/27 (auch 3. Liga der zweiten Mannschaft), nächstes Heimspiel 3.10. gegen Grimma.;hoch;https://neuseenland-volleys.de;https://tsg1903.vereinsticket.de/vt-nvm/;2026-09-20
16;Sparkassen Wildcats Stralsund;Stralsund;MV;anbieter;eingebetteter Online-Ticketshop (Anbieter hinter Cookie-Sperre nicht erkennbar);;Diesterweg-Halle, Stralsund;;@stralsunderwildcats;;;;"Die Ticketseite bettet einen externen Ticketshop ein („Heimspieltickets“, durch Cookie-Einstellungen blockiert); Online-Vorverkauf existiert also, Anbieter und Preise nicht abrufbar. Aktive Instagram- und WhatsApp-Kanäle.";mittel;https://www.vc-stralsund.de/wildcats/;https://www.vc-stralsund.de/wildcats/tickets/;2026-09-20
13;VCO Dresden;Dresden;SN;unbekannt;;;;;;;;;"Nachwuchsteam des Bundesstützpunkts mit Sonderspielrecht; keine eigene Ticketseite gefunden, Suchtreffer führen zum Dresdner SC (1. Liga, Reservix) und zum VC Dresden (anderer Verein, 2. BL Süd Männer, eigener Shop).";niedrig;;https://vc-dresden.de/volleyball-dresden-tickets-fur-bundesliga-spiele/;2026-09-20
